iptv_id,channel_name,epg_id,epg_name,provider,match
AndTV.in,&TV,2024,And TV,jiotv,exact
AndxplorHD.in,&xplor HD,1668,And Xplor HD,jiotv,exact
10TV.in,10 TV,832,10 TV,jiotv,exact
22ScopeNews.in,22Scope News,2082,22Scope News,jiotv,exact
24News.in,24 News,sun202222,24 News,sunnxt,exact
4SiDESTV.in,4 SiDES TV,3529,4 SiDES TV,jiotv,exact
6TVTelugu.in,6 TV Telugu,,,,none
7SMusic.in,7S Music,,,,none
9PlusNews.in,9 Plus News,,,,none
9XJalwa.in,9X Jalwa,440,9X Jalwa,jiotv,exact
9XJhakaas.in,9X Jhakaas,441,9x Jhakaas,jiotv,exact
9XTashan.in,9X Tashan,732,9X Tashan,jiotv,exact
9XM.in,9XM,587,9XM,jiotv,exact
AadinathTV.in,Aadinath TV,2002,Aadinath TV,jiotv,exact
AajKiKhabar.in,Aaj Ki Khabar,2773,Aaj Ki Khabar,jiotv,exact
AajTak.in,Aaj Tak,173,Aaj Tak,jiotv,exact
AakaashAath.in,Aakaash Aath,698,Aakash Aath,jiotv,fuzzy
AamarBangla.in,Aamar Bangla,1962,Amar Bangla TV,jiotv,fuzzy
AaryaaTV.in,Aaryaa TV,3395,Aaryaa TV,jiotv,exact
AaseervathamTV.in,Aaseervatham TV,,,,none
Aastha.in,Aastha,175,Aastha,jiotv,exact
AasthaBhajan.in,Aastha Bhajan,594,Aastha Bhajan,jiotv,exact
AasthaGujarati.in,Aastha Gujarati,1255,Aastha Gujarati,jiotv,exact
AasthaKannada.in,Aastha Kannada,1256,Aastha Kannada,jiotv,exact
AasthaPrime1.in,Aastha Prime 1,,,,none
AasthaTamil.in,Aastha Tamil,,,,none
AasthaTelugu.in,Aastha Telugu,1254,Aastha Telugu,jiotv,exact
AathavanTV.uk,Aathavan TV,,,,none
ABNAndhraJyoti.in,ABN Andhra Jyoti,666,ABN Andhra Jyothi,jiotv,fuzzy
ABPAnanda.in,ABP Ananda,672,ABP Ananda,jiotv,exact
ABPAsmita.in,ABP Asmita,641,ABP Asmita,jiotv,exact
ABPGanga.in,ABP Ganga,1205,ABP Ganga,jiotv,exact
ABPMajha.in,ABP Majha,612,ABP Majha,jiotv,exact
ABPNews.in,ABP News,177,ABP News India,jiotv,exact
AdhyatmTV.in,Adhyatm TV,1901,Adhyatma TV,jiotv,fuzzy
AKDCalcuttaNews.in,AKD Calcutta News,,,,none
AkhonKolkata.in,Akhon Kolkata,3439,Akhon kolkata,jiotv,exact
AlankarTV.in,Alankar TV,686,Alankar,jiotv,filler
AllTimeMovies.in,All Time Movies,ts1321,ALL Time MOVIES,tataplay,exact
AmarUjala.in,AmarUjala,3483,Amar Ujala,jiotv,exact
AmritaTV.in,Amrita TV,723,Amrita TV,jiotv,exact
AnandTV.in,Anand TV,3294,Anand TV,jiotv,exact
AnandWariTV.in,Anand Wari TV,,,,none
AnandaBarta.in,Ananda Barta,1796,Ananda Barta,jiotv,exact
ANBNews.in,ANB News,1287,ANB News,jiotv,exact
AndyHaryana.in,Andy Haryana,,,,none
AngelTV.in,Angel TV,835,Angel TV HD,jiotv,exact
AnjanTV.in,Anjan TV,919,Anjan TV,jiotv,exact
APN.in,APN,,,,none
ApnaPunjabTV.ca,Apna Punjab TV,,,,none
AradanaTV.in,Aradana TV,777,Aradhana TV,jiotv,fuzzy
ArgusNews.in,Argus News,1481,Argus News,jiotv,exact
ArputharYesuTV.in,Arputhar Yesu TV,,,,none
AryanTVNational.in,Aryan TV National,1761,Aryan TV National,jiotv,exact
AsianNews.in,Asian News,2777,Asian News,jiotv,exact
Asianet.in,Asianet,443,Asianet HD,jiotv,exact
AsianetMiddleEast.in,Asianet Middle East,,,,none
AsianetMovies.in,Asianet Movies,459,Asianet Movies HD,jiotv,exact
AsianetNews.in,Asianet News,180,Asianet News,jiotv,exact
AsianetSuvarnaNews.in,Asianet Suvarna News,,,,none
AsomLive24.in,Asom Live 24,2022,Asom Live 24,jiotv,exact
AssamTalks.in,Assam Talks,675,Assam Talks,jiotv,exact
AwaazIndiaTV.in,Awaaz India TV,3332,Awaaz India TV,jiotv,exact
AwakeningTV.in,Awakening TV,1175,Awakening,jiotv,filler
AyushTV.in,Ayush TV,1075,Ayush TV,jiotv,exact
B4UBhojpuri.in,B4U Bhojpuri,1296,B4U Bhojpuri,jiotv,exact
B4UKadak.in,B4U Kadak,1295,B4U Kadak,jiotv,exact
B4UMovies.in,B4U Movies,182,B4U Movies,jiotv,exact
B4UMusic.in,B4U Music,183,B4U Music,jiotv,exact
BadaKhabar.in,Bada Khabar,1692,Badakhabar,jiotv,exact
BalleBalle.in,Balle Balle,1453,Balle Balle TV,jiotv,exact
BansalNews.in,Bansal News,1179,Bansal News,jiotv,exact
BhagyamTV.in,Bhagyam TV,3358,Bhagyam TV,jiotv,exact
BhakthiSiri.in,Bhakthi Siri,3107,Bhakthi Siri,jiotv,exact
BhakthiTV.in,Bhakthi TV,776,Bhakti TV,jiotv,fuzzy
BhaktiSagar.in,Bhakti Sagar,939,Bhakti Sagar TV,jiotv,exact
BharatExpress.in,Bharat Express,2353,Bharat Express,jiotv,exact
BharatSamachar.in,Bharat Samachar,918,Bharat Samachar,jiotv,exact
Bharat24.in,Bharat24,2079,Bharat 24,jiotv,exact
BhojpuriCinema.in,Bhojpuri Cinema,486,Bhojpuri Cinema,jiotv,exact
BIGTV.in,BIG TV,2783,Big TV,jiotv,exact
BigTV24x7.in,Big TV 24x7,,,,none
Bollygold.in,Bollygold,3338,NH BollyGold,jiotv,fuzzy
BoogleBollywood.in,Boogle Bollywood,962,Boogle Bollywood,jiotv,exact
BRKNews.in,BRK News,1263,BRK News,jiotv,exact
BTTV.in,BT TV,,,,none
BVG.in,BVG,3048,BVG,jiotv,exact
Captain.in,Captain,3069,Captain,jiotv,exact
CCV.in,CCV,,,,none
ChannelDivya.in,Channel Divya,,,,none
ChannelWIN.in,Channel WIN,605,Channel Win,jiotv,exact
ChardiklaGurbaaniTV.in,Chardikla Gurbaani TV,,,,none
ChardiklaTimeTV.in,Chardikla Time TV,517,Chardikla Time TV,jiotv,exact
ChardiklaTimeTVNorthAmerica.in,Chardikla Time TV North America,,,,none
CNBCAwaaz.in,CNBC Awaaz,190,CNBC Awaaz,jiotv,exact
CNBCBajar.in,CNBC Bajar,490,CNBC Bajar,jiotv,exact
CNBCTV18.in,CNBC TV18,489,CNBC TV18,jiotv,exact
CNBCTV18PrimeHD.in,CNBC TV18 Prime HD,143,CNBC TV18 Prime,jiotv,exact
CnewsBharat.in,Cnews Bharat,1670,C News Bharat,jiotv,exact
Colors.in,Colors,1368,Colors SD,jiotv,exact
ColorsBangla.in,Colors Bangla,756,Colors Bangla HD,jiotv,exact
ColorsCineplexBollywood.in,Colors Cineplex Bollywood,1763,Colors Cineplex Bollywood,jiotv,exact
ColorsGujarati.in,Colors Gujarati,196,Colors Gujarati,jiotv,exact
ColorsKannada.in,Colors Kannada,757,Colors Kannada HD,jiotv,exact
ColorsMarathi.in,Colors Marathi,755,Colors Marathi HD,jiotv,exact
ColorsMENA.in,Colors MENA,,,,none
ColorsRishteyAmericas.in,Colors Rishtey Americas,,,,none
ColorsSuper.in,Colors Super,785,Colors Super,jiotv,exact
ColorsTamil.in,Colors Tamil,1371,Colors Tamil,jiotv,exact
CTVNAKDPlus.in,CTVN AKD Plus,1260,Ctvn Akd Plus,jiotv,exact
CVREnglish.in,CVR English,787,CVR English,jiotv,exact
CVRHealth.in,CVR Health,774,CVR Health,jiotv,exact
CVRNews.in,CVR News,784,CVR News,jiotv,exact
CVROMSpiritual.in,CVR OM Spiritual,772,CVR OM Spiritual,jiotv,exact
DailyPostTV.in,Daily Post TV,,,,none
Dangal2.in,Dangal 2,ts194,Dangal 2,tataplay,exact
DangalTV.in,Dangal TV,701,Dangal,jiotv,filler
Darshan24.in,Darshan 24,611,Darshan 24,jiotv,exact
DarshanaTV.in,Darshana TV,,,,none
DDArunPrabha.in,DD Arun Prabha,1328,DD Arunprabha,jiotv,exact
DDBangla.in,DD Bangla,690,DD Bangla,jiotv,exact
DDBihar.in,DD Bihar,539,DD Bihar,jiotv,exact
DDChandana.in,DD Chandana,713,DD9 chandana (kannada),jiotv,fuzzy
DDIndia.in,DD India,528,DD India,jiotv,exact
DDJharkhand.in,DD Jharkhand,,,,none
DDKashir.in,DD Kashir,716,DD Kashir,jiotv,exact
DDKisan.in,DD Kisan,583,DD Kisan,jiotv,exact
DDMadhyaPradesh.in,DD Madhya Pradesh,536,DD Madhya Pradesh,jiotv,exact
DDNational.in,DD National,202,DD National,jiotv,exact
DDNews.in,DD News,203,DD News,jiotv,exact
DDOdia.in,DD Odia,,,,none
DDRajasthan.in,DD Rajasthan,538,DD Rajasthan (Jaipur),jiotv,exact
DDSports.in,DD Sports,204,DD Sports,jiotv,exact
DDUrdu.in,DD Urdu,712,DD urdu,jiotv,exact
DeewanaHD.in,Deewana HD,,,,none
DesiChannel.in,Desi Channel,906,Desi Channel,jiotv,exact
Dhamaal.in,Dhamaal,,,,none
DharsanTV.in,Dharsan TV,3357,Dharsan TV,jiotv,exact
DheeranTV.in,Dheeran TV,,,,none
DhoolTV.in,Dhool TV,,,,none
DhoomMusic.in,Dhoom Music,,,,none
DishaTV.in,Disha TV,599,Disha tv,jiotv,exact
DisneyChannel.in,Disney Channel,1373,Disney Channel,jiotv,exact
DisneyInternationalHD.in,Disney International HD,1375,Disney International HD,jiotv,exact
DivyavaniTV.in,Divyavani TV,934,Divya Vani,jiotv,filler
DocuBayTV.in,DocuBay TV,3402,DocuBay,jiotv,filler
DY365.in,DY 365,633,DY 365,jiotv,exact
E24.in,E 24,591,E 24,jiotv,exact
EVidya10.in,E-Vidya 10,,,,none
EVidya11.in,E-Vidya 11,,,,none
EVidya12.in,E-Vidya 12,,,,none
EVidya4.in,E-Vidya 4,,,,none
EVidya5.in,E-Vidya 5,,,,none
EVidya6.in,E-Vidya 6,,,,none
EVidya7.in,E-Vidya 7,,,,none
EVidya8.in,E-Vidya 8,,,,none
EVidya9.in,E-Vidya 9,,,,none
EkamraBharatOdia.in,Ekamra Bharat Odia,,,,none
Enterr10Bangla.in,Enterr 10 Bangla,,,,none
EpicBharat.in,Epic Bharat,3383,Epic Bharat,jiotv,exact
EpicBhojpuri.in,Epic Bhojpuri,3384,EPIC Bhojpuri,jiotv,exact
EpicCrimes.in,Epic Crimes,,,,none
EpicKids.in,Epic Kids,3385,Gubbare,jiotv,exact
EpicMusic.in,Epic Music,,,,none
EpicTV.in,Epic TV,3382,EPIC TV,jiotv,exact
ETNow.in,ET Now,212,ET Now,jiotv,exact
ETVAndhraPradesh.in,ETV Andhra Pradesh,614,ETV Andhra pradesh,jiotv,exact
ETVBalBharat.in,ETV Bal Bharat,,,,none
ETVBeats.in,ETV Beats,,,,none
ETVCinema.in,ETV Cinema,1665,ETV Cinema HD,jiotv,exact
ETVComedy.in,ETV Comedy,,,,none
ETVJosh.in,ETV Josh,,,,none
ETVLife.in,ETV Life,570,ETV Life,jiotv,exact
ETVMusic.in,ETV Music,,,,none
ETVNews.in,ETV News,,,,none
ETVPlus.in,ETV Plus,2956,ETV Plus HD,jiotv,exact
ETVTelangana.in,ETV Telangana,630,ETV Telangana,jiotv,exact
ETVTelugu.in,ETV Telugu,629,ETV Telugu,jiotv,exact
FaktMarathi.in,Fakt Marathi,738,Fakt Marathi,jiotv,exact
Fast1.in,Fast1,3354,Fast1,jiotv,exact
FatehTV.in,Fateh TV,1174,Fateh TV,jiotv,exact
FirstIndiaNews.in,First India News,927,First India News,jiotv,exact
FoodFood.in,Food Food,561,Food Food,jiotv,exact
FriendsTV.in,Friends TV,2354,Friends TV,jiotv,exact
GangaurTV.in,Gangaur TV,2077,Gangaur,jiotv,filler
GlobalPunjab.in,Global Punjab,2019,Global Punjab,jiotv,exact
Goldmines.in,Goldmines,ts823,Goldmines,tataplay,exact
Goldmines2.in,Goldmines 2,ts823,Goldmines,tataplay,fuzzy
GoldminesAction.in,Goldmines Action,,,,none
GoldminesBollywood.in,Goldmines Bollywood,,,,none
GoldminesMovies.in,Goldmines Movies,ts1499,Goldmines Movies,tataplay,exact
GoodNewsToday.in,Good News Today,502,Good News Today,jiotv,exact
GoodnessTV.in,Goodness TV,1388,Goodness,jiotv,filler
GoodNewsTV.in,GoodNews TV,907,GoodNews Channel,jiotv,filler
GospelTVIndia.in,Gospel TV India,3370,Gospel TV,jiotv,filler
GSTV.in,GS TV,643,GS TV,jiotv,exact
GTCNews.in,GTC News,3490,GTC News,jiotv,exact
GTCPunjabi.in,GTC Punjabi,3470,GTC Punjabi,jiotv,exact
GuaranteeNews.in,Guarantee News,3464,Guarantee News,jiotv,exact
GujaratFirst.in,Gujarat First,,,,none
Gyandarshan.in,Gyandarshan,1329,DD Gyandarshan,jiotv,fuzzy
HamdardTV.ca,Hamdard TV,,,,none
HareKrsnaTV.in,Hare Krsna TV,879,Hare krsna,jiotv,filler
HarvestTV.in,Harvest TV,,,,none
HarvestTVKeralam.in,Harvest TV Keralam,,,,none
HarvestUSA.in,Harvest USA,,,,none
HeadlinesTripura.in,Headlines Tripura,1246,Headlines Tripura,jiotv,exact
HebronTV.in,Hebron TV,,,,none
HiDost.in,Hi Dost!,1232,Hi Dost!,jiotv,exact
HighNews.in,High News,,,,none
HindiKhabar.in,Hindi Khabar,808,Hindi Khabar,jiotv,exact
HinduDharmam.in,Hindu Dharmam,955,Hindu Dharmam,jiotv,exact
HistoryTV18.in,History TV18,146,History TV18 HD,jiotv,exact
HMTV.in,HMTV,665,HM TV,jiotv,exact
HNN24x7.in,HNN 24x7,2021,HNN 24x7,jiotv,exact
HopeChannelIndia.in,Hope Channel India,,,,none
HornbillTV.in,Hornbill TV,1743,Hornbill TV,jiotv,exact
HosannaTV.in,Hosanna TV,1738,Hosanna TV,jiotv,exact
HSTV.in,HSTV,,,,none
HungamaTV.in,Hungama TV,1391,Hungama,jiotv,filler
IBC24.in,IBC 24,503,IBC24,jiotv,exact
IndiaAhead.in,India Ahead,3498,India Ahead,jiotv,exact
IndiaDailyLive.in,India Daily Live,,,,none
IndiaToday.in,India Today,493,India Today,jiotv,exact
IndiaTV.in,India TV,235,India TV,jiotv,exact
IndiaTVAapKiAdalat.in,India TV Aap Ki Adalat,3025,India TV Aap Ki Adalat,jiotv,exact
IndiaTVSpeedNews.in,India TV Speed News,3026,India TV Speed News,jiotv,exact
IndiaVoice.in,India Voice,788,India Voice,jiotv,exact
IndywoodTV.in,Indywood TV,,,,none
INews.in,INews,790,I News,jiotv,exact
INH24x7.in,INH 24x7,957,INH 24x7,jiotv,exact
Insync.in,Insync,1286,Insync,jiotv,exact
IsaiAruvi.in,Isai Aruvi,,,,none
IshwarBhaktiTV.in,Ishwar Bhakti TV,,,,none
JaiMaharashtra.in,Jai Maharashtra,1394,Jai Maharashtra,jiotv,exact
JaihindTV.in,Jaihind TV,465,Jaihind tv,jiotv,exact
JanTV.in,Jan TV,768,Jan TV,jiotv,exact
JanamTV.in,Janam TV,810,Janam TV,jiotv,exact
JantaTV.in,Janta TV,880,Janta TV,jiotv,exact
JantantraTV.in,Jantantra TV,975,Jantantra,jiotv,filler
JayaPlus.in,Jaya Plus,418,Jaya Plus,jiotv,exact
Jonack.in,Jonack,765,Jonack,jiotv,exact
JoyTV.in,Joy TV,,,,none
JTBSClassic.in,JTBS Classic,,,,none
KNewsIndia.in,K News India,783,K News India,jiotv,exact
Kabaddi24x7.in,Kabaddi 24x7,,,,none
Kadak.in,Kadak,3502,Kadak,jiotv,exact
KairaliArabia.in,Kairali Arabia,,,,none
KairaliNews.in,Kairali News,725,Kairali News,jiotv,exact
KairaliTV.in,Kairali TV,710,Kairali TV,jiotv,exact
KairaliWe.in,Kairali We,731,Kairali WE TV,jiotv,exact
KalaignarMurasu.in,Kalaignar Murasu,,,,none
KalaignarTV.in,Kalaignar TV,1209,Kalaignar TV,jiotv,exact
KalikaTV.in,Kalika TV,,,,none
KalingaTV.in,Kalinga TV,781,Kalinga TV,jiotv,exact
KanakNews.in,Kanak News,718,Kanak News,jiotv,exact
KappaTV.in,Kappa TV,786,Kappa TV,jiotv,exact
KashishNews.in,Kashish News,770,Kashish News,jiotv,exact
KaumudyTV.in,Kaumudy TV,563,Kaumudy TV,jiotv,exact
KBCNews.in,KBC News,3090,KBC News,jiotv,exact
KBPTimes.in,KBP Times,,,,none
KCLTV.in,KCL TV,,,,none
KeralaVision.in,Kerala Vision,,,,none
KhabarFast.in,Khabar Fast,915,Khabar Fast,jiotv,exact
KhabrainAbhiTak.in,Khabrain Abhi Tak,,,,none
KhushbooBangla.in,Khushboo Bangla,,,,none
KiteVicters.in,Kite Victers,1429,KITE VICTERS,jiotv,exact
KnockBhakti.in,Knock Bhakti,,,,none
KolkataTV.in,Kolkata TV,1264,Kolkata TV,jiotv,exact
KTVBangla.in,KTV Bangla,1891,KTV Bangla,jiotv,exact
LifeTV.in,Life TV,,,,none
LiveTimes.in,Live Times,3166,Live Times,jiotv,exact
LivingIndiaNews.in,Living India News,831,Living India News,jiotv,exact
LokshahiNews.in,Lokshahi News,1293,Lokshahi News,jiotv,exact
MadhaTV.in,Madha TV,1655,Madha TV,jiotv,exact
MadhimugamTV.in,Madhimugam TV,843,Madhimugam TV,jiotv,exact
MahaPunjabi.in,Maha Punjabi,,,,none
MahaaBhakti.in,Mahaa Bhakti,3239,Mahaa Bhakthi,jiotv,fuzzy
MahaaMax.in,Mahaa Max,3143,Mahaa Max,jiotv,exact
MahaaNews.in,Mahaa News,2862,Mahaa News,jiotv,exact
MahimaiTV.in,Mahimai TV,,,,none
MakkalTV.in,Makkal TV,708,Makkal TV,jiotv,exact
MalaiMurasuTV.in,Malai Murasu TV,826,Malaimurasu Seithigal,jiotv,exact
Mango.in,Mango,,,,none
MangoMobileTV.in,Mango Mobile TV,,,,none
ManoramaNews.in,Manorama News,662,Manorama News,jiotv,exact
ManoranjanGrand.in,Manoranjan Grand,,,,none
ManoranjanMovies.in,Manoranjan Movies,,,,none
ManoranjanPrime.in,Manoranjan Prime,,,,none
ManoranjanTV.in,Manoranjan TV,ts731,Manoranjan TV,tataplay,exact
MantavyaNews.in,Mantavya News,944,Mantavya News,jiotv,exact
MarutamTV.in,Marutam TV,,,,none
Mastiii.in,Mastiii,,,,none
MathrubhumiNews.in,Mathrubhumi News,780,Mathrubhumi News,jiotv,exact
MazhavilManorama.in,Mazhavil Manorama,844,Mazhavil Manorama HD,jiotv,exact
MBCTV.in,MBC TV,631,MBC,jiotv,filler
MediaOne.in,Media One,910,Media One TV,jiotv,exact
MediBizTV.in,MediBizTV,,,,none
MeiAlaiTV.in,Mei Alai TV,,,,none
MercyTV.in,Mercy TV,924,Mercy TV,jiotv,exact
MetroTV.in,Metro TV,3406,Metro TV,jiotv,exact
Mh1Music.in,Mh 1 Music,,,,none
Mh1News.in,Mh 1 News,,,,none
Mh1Prime.in,Mh 1 Prime,,,,none
MHOneDilSe.in,MH One Dil Se,,,,none
MHOneMovies.in,MH One Movies,,,,none
MHOneShraddha.in,MH One Shraddha,,,,none
MirrorNow.in,Mirror Now,491,Mirror Now,jiotv,exact
MKSix.in,MK Six,1647,MK Six,jiotv,exact
MNX.in,MNX,462,MNX,jiotv,exact
MojoTV.in,Mojo TV,,,,none
MoonTV.in,Moon TV,1518,Moon TV,jiotv,exact
MTV.in,MTV,248,MTV,jiotv,exact
MunsifTV.in,Munsif TV,2017,Munsif TV,jiotv,exact
MusicIndia.in,Music India,250,Music India,jiotv,exact
NagalandTV.in,Nagaland TV,1855,NL TV,jiotv,exact
NambikkaiTV.in,Nambikkai TV,603,Nambikkai,jiotv,filler
NamdhariTV.in,Namdhari TV,,,,none
NandighoshaTV.in,Nandighosha TV,1427,Nandighosha,jiotv,filler
NationNews.in,Nation News,3438,Nation News,jiotv,exact
NationalGeographic.in,National Geographic,1335,National Geographic HD,jiotv,exact
NDTV24x7.in,NDTV 24x7,255,NDTV 24x7,jiotv,exact
NDTVGoodTimes.in,NDTV Good Times,,,,none
NDTVIndia.in,NDTV India,258,NDTV India,jiotv,exact
NDTVMadhyaPradeshChhattisgarh.in,NDTV Madhya Pradesh Chhattisgarh,,,,none
NDTVMarathi.in,NDTV Marathi,3095,NDTV Marathi,jiotv,exact
NDTVProfit.in,NDTV Profit,259,NDTV Profit,jiotv,exact
NDTVRajasthan.in,NDTV Rajasthan,258,NDTV India,jiotv,exact
NENews.in,NE News,3217,NE News,jiotv,exact
Nepal1.in,Nepal 1,,,,none
Network10.in,Network 10,1528,Network 10,jiotv,exact
News1India.in,News 1 India,936,News 1 India,jiotv,exact
News11.in,News 11,882,News11,jiotv,exact
News1st.in,News 1st,,,,none
News24.in,News 24,501,News 24,jiotv,exact
News24MPChhattisgarh.in,News 24 MP & Chhattisgarh,,,,none
News7Tamil.in,News 7 Tamil,673,News7 Tamil,jiotv,exact
NewsCapitalGujarat.in,News Capital Gujarat,3058,News Capital Gujarat,jiotv,exact
NewsCapitalMarket.in,News Capital Market,,,,none
NewsDaily24.in,News Daily 24,,,,none
NewsIndia24x7.in,News India 24x7,850,News India 24x7,jiotv,exact
NewsLive.in,News Live,613,Newslive,jiotv,exact
NewsLiveBangla.in,News Live Bangla,908,Newslive Bangla,jiotv,exact
NewsMarathi24x7.in,News Marathi 24x7,3179,News Marathi 24x7,jiotv,exact
NewsNation.in,News Nation,499,News Nation,jiotv,exact
NewsNation81.in,News Nation 81,3181,News Nation 81,jiotv,exact
NewsStateMPCHG.in,News State MP & CHG,,,,none
NewsStatePunjabHaryanaHimachal.in,News State Punjab Haryana Himachal,3152,News State Punjab Haryana Himachal,jiotv,exact
NewsStateUPUK.in,News State UP & UK,,,,none
NewsTamil24x7.in,News Tamil 24x7,1954,News Tamil 24x7,jiotv,exact
News18AssamNorthEast.in,News18 Assam North-East,,,,none
News18Bangla.in,News18 Bangla,717,News18 Bangla,jiotv,exact
News18BiharJharkhand.in,News18 Bihar Jharkhand,693,news18 Bihar Jharkhand,jiotv,exact
News18DelhiNCRJK.in,News18 Delhi NCR JK,694,News18 Delhi NCR JK,jiotv,exact
News18Gujarati.in,News18 Gujarati,620,News18 Gujarati,jiotv,exact
News18India.in,News18 India,231,News 18 India,jiotv,exact
News18Kannada.in,News18 Kannada,653,News18 Kannada,jiotv,exact
News18Kerala.in,News18 Kerala,965,News18 Kerala,jiotv,exact
News18MadhyaPradeshChhattisgarh.in,News18 Madhya Pradesh/Chhattisgarh,,,,none
News18Marathi.in,News18 Marathi,232,News18 Marathi,jiotv,exact
News18Odia.in,News18 Odia,696,News18 Odia,jiotv,exact
News18PunjabHaryanaHimachal.in,News18 Punjab/Haryana/Himachal,655,News18 Punjab Haryana Himachal,jiotv,exact
News18Rajasthan.in,News18 Rajasthan,531,News18 Rajasthan,jiotv,exact
News18TamilNadu.in,News18 Tamil Nadu,615,News18 Tamil nadu,jiotv,exact
News18Urdu.in,News18 Urdu,,,,none
News18UttarPradeshUttarakhand.in,News18 Uttar Pradesh Uttarakhand,,,,none
News9Live.in,News9Live,656,News 9,jiotv,exact
NewsX.in,NewsX,495,News X,jiotv,exact
NewsXWorld.in,NewsX World,3240,News X World,jiotv,exact
NHBollyFlix.in,NH BollyFlix,3336,NH BollyFlix,jiotv,exact
NHBollyGold.in,NH BollyGold,3338,NH BollyGold,jiotv,exact
NHBollyRaga.in,NH BollyRaga,3343,NH BollyRaga,jiotv,exact
NHTamilGold.in,NH Tamil Gold,,,,none
NickJr.in,Nick Jr.,,,,none
Nickelodeon.in,Nickelodeon,1226,Nick HD+,jiotv,exact
NKTV24x7.in,NK TV 24x7,1757,NK TV Plus,jiotv,exact
NKTVBangla.in,NK TV Bangla,2933,NK TV Bangla,jiotv,exact
NKRTVKannada.in,NKR TV Kannada,,,,none
NortheastLive.in,Northeast Live,637,North East Live,jiotv,exact
NSC9News.in,NSC9 News,3469,NSC9 News,jiotv,exact
NTCTV.in,NTC TV,3393,NTC TV,jiotv,exact
NTVTelugu.in,NTV Telugu,,,,none
OdishaTV.in,Odisha TV,704,OTV,jiotv,exact
OliTV.in,Oli TV,,,,none
OMTV.in,OM TV,3279,OM TV,jiotv,exact
OnePaschima.in,One Paschima,,,,none
OnlyBharat.in,Only Bharat,3007,AMV,jiotv,filler
OscarMoviesBhojpuri.in,Oscar Movies Bhojpuri,,,,none
ParasGold.in,Paras Gold,,,,none
PasandTV.in,Pasand TV,1798,Pasand,jiotv,filler
PeaceofMindTV.in,Peace of Mind TV,794,Peace of Mind,jiotv,filler
PearTV.in,Pear TV,,,,none
PeppersTV.in,Peppers TV,796,Peppers TV,jiotv,exact
PequesTV.pe,Peques TV,,,,none
Pitaara.in,Pitaara,946,Pitaara,jiotv,exact
PMCTelugu.in,PMC Telugu,1975,PMC Telugu,jiotv,exact
PocketFilms.in,Pocket Films,3259,Pocket Films,jiotv,exact
PolimerNews.in,Polimer News,636,Polimer News,jiotv,exact
PolimerTV.in,Polimer TV,705,Polimer TV,jiotv,exact
PowerTV.in,Power TV,2743,Power TV,jiotv,exact
PowervisionTV.in,Powervision TV,1644,Powervision TV,jiotv,exact
Pradesh24Gujarati.in,Pradesh24 Gujarati,3380,Pradesh24 Gujarati,jiotv,exact
PragNews.in,Prag News,624,Prag News,jiotv,exact
PrameyaNews7.in,Prameya News7,779,Prameya News 7,jiotv,exact
PrarthanaBhawanTV.in,Prarthana Bhawan TV,1278,Prarthana Bhawan,jiotv,filler
PrarthanaTV.in,Prarthana TV,,,,none
PrathamKhabar24x7.in,Pratham Khabar 24x7,1856,Pratham Khabar 24x7,jiotv,exact
PratidinTime.in,Pratidin Time,647,Pratidin Time,jiotv,exact
PravasiChannel.in,Pravasi Channel,,,,none
PrimeNews.in,Prime News,921,Prime News,jiotv,exact
Prime9News.in,Prime9 News,2436,Prime 9 News,jiotv,exact
PrudentMedia.in,Prudent Media,,,,none
PTCChakde.in,PTC Chakde,1172,PTC Chak De,jiotv,exact
PTCMusic.in,PTC Music,1189,PTC Music,jiotv,exact
PTCNews.in,PTC News,1170,PTC News,jiotv,exact
PTCPunjabi.in,PTC Punjabi,1171,PTC Punjabi,jiotv,exact
PTCPunjabiGold.in,PTC Punjabi Gold,1190,PTC Punjabi Gold,jiotv,exact
PTCSimran.in,PTC Simran,1191,PTC Simran,jiotv,exact
PublicMovies.in,Public Movies,1633,Public Movies,jiotv,exact
PublicMusic.in,Public Music,773,Public Music,jiotv,exact
PublicTV.in,Public TV,778,Public TV,jiotv,exact
PudhariNews.in,Pudhari News,2935,Pudhari News,jiotv,exact
PulariTV.in,Pulari TV,,,,none
PunjabiHits.in,Punjabi Hits,2934,Punjabi Hits,jiotv,exact
PunjabiShorts.in,Punjabi Shorts,3471,Punjabi Shorts,jiotv,exact
PuthiyaThalaimurai.in,Puthiya Thalaimurai,677,Puthiya Thalimurai,jiotv,fuzzy
PuthuyugamTV.in,Puthuyugam TV,824,Puthu Yugam,jiotv,filler
QTV.in,Q TV,,,,none
RPlus.in,R Plus,950,R Plus,jiotv,exact
RPlusGold.in,R Plus Gold,,,,none
RaatdinBangla.in,Raatdin Bangla,2027,Raatdin Bangla,jiotv,exact
RaftaarMedia.in,Raftaar Media,1999,Raftaar Media,jiotv,exact
RajDigitalPlus.in,Raj Digital Plus,683,Raj Digital Plus,jiotv,exact
RajMusixKannada.in,Raj Musix Kannada,743,Raj Music Kannada,jiotv,fuzzy
RajMusixMalayalam.in,Raj Musix Malayalam,739,Raj Music Malayalam,jiotv,fuzzy
RajMusixTamil.in,Raj Musix Tamil,,,,none
RajMusixTelugu.in,Raj Musix Telugu,737,Raj Music Telugu,jiotv,fuzzy
RajNewsKannada.in,Raj News Kannada,651,Raj News Kannada,jiotv,exact
RajNewsMalayalam.in,Raj News Malayalam,650,Raj News Malayalam,jiotv,exact
RajNewsTelugu.in,Raj News Telugu,664,Raj News Telugu,jiotv,exact
RajTV.in,Raj TV,707,Raj TV,jiotv,exact
Ramdhenu.in,Ramdhenu,639,Ramdhenu,jiotv,exact
Rang.in,Rang,623,Rang,jiotv,exact
RDXGoa.in,RDX Goa,1102,RDX Goa,jiotv,exact
RealNewsKerala.in,Real News Kerala,1618,Real News Kerala,jiotv,exact
Rengoni.in,Rengoni,635,Rengoni,jiotv,exact
ReporterTV.in,Reporter TV,1408,Reporter TV,jiotv,exact
RepublicBangla.in,Republic Bangla,,,,none
RepublicBharat.in,Republic Bharat,1403,Republic Bharat,jiotv,exact
RepublicKannada.in,Republic Kannada,,,,none
RepublicTV.in,Republic TV,858,Republic TV,jiotv,exact
RongeenTV.in,Rongeen TV,1667,Rongeen TV,jiotv,exact
RozanaSpokesman.in,Rozana Spokesman,,,,none
RTIndia.in,RT India,1338,RT India,jiotv,exact
RupasiBangla.in,Rupasi Bangla,3005,Rupashi Bangla,jiotv,fuzzy
SachBedhadak.in,Sach Bedhadak,3085,SACH BEDHADAK,jiotv,exact
SADATV.in,SADA TV,,,,none
Sadhna.in,Sadhna,593,Sadhna,jiotv,exact
SadhnaNewsMadhyaPradeshChhattisgarh.in,Sadhna News Madhya Pradesh/Chhattisgarh,,,,none
SadhnaPlusNews.in,Sadhna Plus News,,,,none
SadhnaTV.in,Sadhna TV,593,Sadhna,jiotv,filler
SafariTV.in,Safari TV,1666,Safari TV,jiotv,exact
SahanaNews.in,Sahana News,,,,none
SaiTV.in,Sai TV,937,Sai TV,jiotv,exact
SairamTV.in,Sairam TV,,,,none
SakshiTV.in,Sakshi TV,632,Sakshi tv,jiotv,exact
SalaamTV.in,Salaam TV,728,Salaam TV,jiotv,exact
SalvationTV.in,Salvation TV,,,,none
SamacharPlus24x7.in,Samachar Plus 24x7,,,,none
SamayKolkata.in,Samay Kolkata,2228,Samay Kolkata,jiotv,exact
SanaPlus.in,Sana Plus,3359,Sana Plus,jiotv,exact
SanaTV.in,Sana TV,3201,Sana TV,jiotv,exact
SandeshNews.in,Sandesh News,782,Sandesh News,jiotv,exact
SangeetBangla.in,Sangeet Bangla,740,Sangeet Bangla,jiotv,exact
SangeetBhojpuri.in,Sangeet Bhojpuri,741,Sangeet Bhojpuri,jiotv,exact
SangeetMarathi.in,Sangeet Marathi,735,Sangeet Marathi,jiotv,exact
SankaraTV.in,Sankara TV,,,,none
SansadTV1.in,Sansad TV 1,3427,Sansad TV 1 HD,jiotv,exact
SansadTV2.in,Sansad TV 2,520,Sansad TV HD,jiotv,fuzzy
SanskarTV.in,Sanskar TV,288,Sanskar,jiotv,filler
SanskarUK.in,Sanskar UK,,,,none
SanskarUSA.in,Sanskar USA,,,,none
SanskarWebTV.in,Sanskar Web TV,,,,none
SarvDharamSangam.in,Sarv Dharam Sangam,972,Sarv Dharam Sangam,jiotv,exact
SarvDharmSangam.in,Sarv Dharm Sangam,972,Sarv Dharam Sangam,jiotv,fuzzy
SathiyamTV.in,Sathiyam TV,671,Sathiyam TV,jiotv,exact
SatsangTV.in,Satsang TV,597,Satsang TV,jiotv,exact
SatsangWebTV.in,Satsang Web TV,,,,none
Shalom.in,Shalom,606,Shalom,jiotv,exact
SharnamTV.in,Sharnam TV,1077,Sharnam TV,jiotv,exact
ShekinahTV.in,Shekinah TV,2004,Shekinah TV,jiotv,exact
ShemarooFilmiGaane.in,Shemaroo Filmi Gaane,3074,Shemaroo Filmy Gaane,jiotv,fuzzy
ShemarooJosh.in,Shemaroo Josh,ts1269,Shemaroo Josh,tataplay,exact
ShemarooMarathiBana.in,Shemaroo Marathi Bana,1452,Shemaroo MarathiBana,jiotv,exact
ShemarooTV.in,Shemaroo TV,1961,Shemaroo TV,jiotv,exact
ShemarooUmang.in,Shemaroo Umang,2078,Shemaroo Umang,jiotv,exact
ShubhCinemaTV.in,Shubh Cinema TV,,,,none
ShubhTV.in,Shubh TV,828,Shubh TV,jiotv,exact
ShubhsandeshTV.in,Shubhsandesh TV,608,Shubhsandesh TV,jiotv,exact
SiriKannada.in,Siri Kannada,1634,Siri Kannada,jiotv,exact
SiriKannadaAllTime.in,Siri Kannada All Time,,,,none
SirippoliTV.in,Sirippoli TV,,,,none
SohamTV.in,Soham TV,1078,Soham TV,jiotv,exact
SongdewTV.in,Songdew TV,1411,SongDew TV,jiotv,exact
Sonic.in,Sonic,,,,none
SonyAath.in,Sony Aath,697,Sony aath,jiotv,exact
SonyBBCEarth.in,Sony BBC Earth,823,Sony BBC Earth SD,jiotv,exact
SonyEntertainmentTelevision.in,Sony Entertainment Television,291,SET HD,jiotv,exact
SonyMarathi.in,Sony Marathi,1146,Sony Marathi SD,jiotv,exact
SonyMax.in,Sony Max,476,Sony Max HD,jiotv,exact
SonyMax2.in,Sony Max 2,483,Sony MAX2,jiotv,exact
SonyPal.in,Sony Pal,474,Sony Pal,jiotv,exact
SonyPix.in,Sony Pix,762,Sony Pix HD,jiotv,exact
SonySAB.in,Sony SAB,154,Sony SAB,jiotv,exact
SonySportsTen1.in,Sony Sports Ten 1,ts150,SONY SPORTS TEN 1,tataplay,exact
SonySportsTen2.in,Sony Sports Ten 2,ts170,SONY SPORTS TEN 2,tataplay,exact
SonySportsTen3Hindi.in,Sony Sports Ten 3 Hindi,ts464,SONY SPORTS TEN 3 Hindi HD,tataplay,exact
SonySportsTen4.in,Sony Sports Ten 4,ts35,SONY SPORTS TEN 5 HD,tataplay,fuzzy
SonySportsTen5.in,Sony Sports Ten 5,ts35,SONY SPORTS TEN 5 HD,tataplay,exact
SonyWah.in,Sony Wah,1393,Sony Wah,jiotv,exact
SonyYay.in,Sony Yay!,3507,Sony YAY,jiotv,exact
SouthStation.in,South Station,,,,none
Spondon.in,Spondon,2435,Spondon,jiotv,exact
StarGold2.in,Star Gold 2,3096,Star Gold 2 HD,jiotv,exact
StarJalsha.in,Star Jalsha,317,Star Jalsha HD,jiotv,exact
StarMaa.in,Star Maa,,,,none
StarMaaMovies.in,Star Maa Movies,760,Maa Movies HD,jiotv,exact
StarPravah.in,Star Pravah,336,Star Pravah HD,jiotv,exact
StarSports2.in,Star Sports 2,ts609,STAR Sports 2,tataplay,exact
StarSports2Hindi.in,Star Sports 2 Hindi,1984,Star Sports 2 Hindi HD,jiotv,exact
StarSports2Telugu.in,Star Sports 2 Telugu,2852,Star Sports 2 Telugu,jiotv,exact
StarSportsSelect2.in,Star Sports Select 2,ts603,Star Sports Select 2,tataplay,exact
StarVijay.in,Star Vijay,368,Star Vijay HD,jiotv,exact
Starnet.in,Starnet,,,,none
StarPlus.in,StarPlus,1132,Star Plus HD,jiotv,exact
SteelbirdMusic.in,Steelbird Music,1184,Steelbird Music,jiotv,exact
StudioOnePlus.in,Studio One +,1274,Studio One,jiotv,exact
StudioYuva.in,Studio Yuva,,,,none
SubhavaarthaTV.in,Subhavaartha TV,607,Subhavartha TV,jiotv,fuzzy
SubinTV.in,Subin TV,3360,Subin TV,jiotv,exact
SudarshanNews.in,Sudarshan News,ts475,Sudarshan News,tataplay,exact
SunGemini.in,Sun Gemini,897,Sun Gemini HD,jiotv,exact
SuperHungama.in,Super Hungama,1392,Super Hungama,jiotv,exact
SuriyaTV.in,Suriya TV,3394,Suriya TV,jiotv,exact
SuriyanTV.in,Suriyan TV,3394,Suriya TV,jiotv,fuzzy
SuvarnaNews.in,Suvarna News,626,Suvarna News,jiotv,exact
SVBC.in,SVBC,1850,SVBC,jiotv,exact
SVBC2.in,SVBC 2,1417,SVBC2,jiotv,exact
SVBC3.in,SVBC 3,1858,SVBC3,jiotv,exact
SVBC4.in,SVBC 4,1859,SVBC4,jiotv,exact
SwadeshNews.in,Swadesh News,1185,Swadesh News,jiotv,exact
SwarajExpressSMBC.in,Swaraj Express SMBC,,,,none
SwastikTV.in,Swastik TV,3459,Swastik TV,jiotv,exact
SwatantraTV.in,Swatantra TV,,,,none
TNews.in,T News,667,T News,jiotv,exact
TaazaTV.in,Taaza TV,791,Taaza TV,jiotv,exact
TabbarHits.in,Tabbar Hits,2778,Tabbar Hits,jiotv,exact
TamilJanam.in,Tamil Janam,3045,Tamil Janam,jiotv,exact
TamilanTV.in,Tamilan TV,,,,none
TarangMusic.in,Tarang Music,751,Tarang Music,jiotv,exact
TarangTV.in,Tarang TV,703,Tarang,jiotv,filler
TehzeebTV.in,Tehzeeb TV,1252,Tehzeeb TV,jiotv,exact
TeluguOne.in,Telugu One,,,,none
ThanthiOne.in,Thanthi One,3059,Thanthi One,jiotv,exact
ThanthiTV.in,Thanthi TV,830,Thanthi TV,jiotv,exact
TheJungleBook.in,The Jungle Book,,,,none
TheMovieClub.in,The Movie Club,,,,none
TheVoiceTV.in,The Voice TV,3505,The Voice TV,jiotv,exact
ThendralTV.in,Thendral TV,,,,none
TimesNow.in,Times Now,383,Times NOW,jiotv,exact
TimesNowNavbharat.in,Times Now Navbharat,1906,Times Now Navbharat,jiotv,exact
TNPNews.in,TNP News,3053,TNP News,jiotv,exact
TOIGlobal.in,TOI Global,3440,TOI Global,jiotv,exact
TopNewsMarathi.in,Top News Marathi,1972,Top News Marathi,jiotv,exact
TotalBhakti.in,Total Bhakti,,,,none
TotalTVHaryana.in,Total TV Haryana,,,,none
Travelxp.in,Travelxp,164,Travelxp HD,jiotv,exact
TVPunjab.ca,TV Punjab,,,,none
TV13Gujarati.in,TV13 Gujarati,3369,TV13 Gujarati,jiotv,exact
TV27News.in,TV27 News,2081,TV27 News,jiotv,exact
TV30India.in,TV30 India,,,,none
TV45.in,TV45,2954,TV45,jiotv,exact
TV5Kannada.in,TV5 Kannada,956,TV 5 Kannada,jiotv,exact
TV5News.in,TV5 News,668,TV 5 News,jiotv,exact
TV9Bangla.in,TV9 Bangla,1735,TV9 Bangla,jiotv,exact
TV9Bharatvarsh.in,TV9 Bharatvarsh,1251,TV9 Bharatvarsh,jiotv,exact
TV9Gujarati.in,TV9 Gujarati,0-9-260,TV9 Gujarati,zee5,exact
TV9Kannada.in,TV9 Kannada,0-9-259,TV9 Kannada,zee5,exact
TV9Marathi.in,TV9 Marathi,0-9-257,TV9 Marathi,zee5,exact
TV9Telugu.in,TV9 Telugu,0-9-258,TV9 Telugu,zee5,exact
UBangla.in,U Bangla,2184,U Bangla,jiotv,exact
UltimateTV.in,Ultimate TV,3396,Ultimate TV,jiotv,exact
UniqueTV.in,Unique TV,3022,Unique TV,jiotv,exact
Unite8Sports2.in,Unite8 Sports 2,ts592,Unite8 Sports 2,tataplay,exact
UTVPalakkad.in,UTV Palakkad,,,,none
V6News.in,V6 News,769,V6 News,jiotv,exact
VaanavilTV.in,Vaanavil TV,971,Vaanavil TV,jiotv,exact
VanithaTV.in,Vanitha TV,775,Vanitha,jiotv,filler
VasanthTV.in,Vasanth TV,727,Vasanth TV,jiotv,exact
VCV.in,VCV,,,,none
Vedic.in,Vedic,856,Vedic TV,jiotv,exact
VelichamTV.in,Velicham TV,3004,Velicham Tv,jiotv,exact
VendharTV.in,Vendhar TV,857,Vendhar TV,jiotv,exact
VijayTakkar.in,Vijay Takkar,3269,Vijay Takkar,jiotv,exact
VillageTV.in,Village TV,3497,Village TV,jiotv,exact
VIPNews.in,VIP News,510,VIP News,jiotv,exact
Vision.in,Vision,,,,none
VissaTV.in,Vissa TV,734,Vissa TV,jiotv,exact
VistaarNews.in,Vistaar News,3070,Vistaar News,jiotv,exact
VRLive.in,VR Live,1790,VR Live,jiotv,exact
VTU.in,VTU,,,,none
VTVNews.in,VTV News,,,,none
VyasChannel.in,Vyas Channel,,,,none
WinTV.in,Win TV,970,Win TV,jiotv,exact
WION.in,WION,412,Wion,jiotv,exact
WorldPunjabiTV.in,World Punjabi TV,,,,none
WOWKidz.in,WOW Kidz,,,,none
YETMax.in,YET Max,,,,none
YETTV.in,YET TV,,,,none
YRFMusic.in,YRF Music,2753,YRF Music,jiotv,exact
ZainabiaChannel.in,Zainabia Channel,,,,none
ZBBhakti.in,ZB Bhakti,3320,ZB Bhakti,jiotv,exact
ZBCartoon.in,ZB Cartoon,3321,ZB Cartoon,jiotv,exact
ZBMusic.in,ZB Music,3319,ZB Music,jiotv,exact
Zee24Ghanta.in,Zee 24 Ghanta,464,Zee 24 Ghanta,jiotv,exact
Zee24Kalak.in,Zee 24 Kalak,929,Zee 24 Kalak,jiotv,exact
Zee24Taas.in,Zee 24 Taas,442,Zee 24 Taas,jiotv,exact
ZeeAction.in,Zee Action,488,Zee Action,jiotv,exact
ZeeBangla.in,Zee Bangla,1977,Zee Bangla HD,jiotv,exact
ZeeBanglaSonar.in,Zee Bangla Sonar,3476,Zee Bangla Sonar,jiotv,exact
ZeeBharat.in,Zee Bharat,652,Zee Bharat,jiotv,exact
ZeeBiharJharkhand.in,Zee Bihar Jharkhand,661,Zee Bihar Jharkhand,jiotv,exact
ZeeBusiness.in,Zee Business,657,Zee Business,jiotv,exact
ZeeCineClassic.in,Zee Cine Classic,,,,none
ZeeCinema.in,Zee Cinema,165,Zee Cinema HD,jiotv,exact
ZeeCinemalu.in,Zee Cinemalu,1363,Zee Cinemalu HD,jiotv,exact
ZeeClassic.in,Zee Classic,1691,Zee Classic,jiotv,exact
ZeeComedyNation.in,Zee Comedy Nation,,,,none
ZeeDelhiNCRHaryana.in,Zee Delhi NCR Haryana,724,Zee Delhi NCR Haryana,jiotv,exact
ZeeDilSe.in,Zee Dil Se,,,,none
ZeeHorrorNights.in,Zee Horror Nights,,,,none
ZeeKannada.in,Zee Kannada,689,Zee Kannada,jiotv,exact
ZeeKannadaNews.in,Zee Kannada News,2742,Zee Kannada News,jiotv,exact
ZeeMadhyaPradeshChhattisgarh.in,Zee Madhya Pradesh Chhattisgarh,0-9-zeemadhyapradeshchat,Zee Madhya Pradesh Chhattisgarh,zee5,exact
ZeeMarathi.in,Zee Marathi,1360,Zee Marathi HD,jiotv,exact
ZeeNews.in,Zee News,504,Zee News,jiotv,exact
ZeePunjabHaryanaHimachal.in,Zee Punjab Haryana Himachal,,,,none
ZeeRajasthan.in,Zee Rajasthan,659,Zee Rajasthan,jiotv,exact
ZeeSouthFlix.in,Zee South Flix,,,,none
ZeeTalkies.in,Zee Talkies,1358,Zee Talkies HD,jiotv,exact
ZeeTamil.in,Zee Tamil,628,Zee Tamil,jiotv,exact
ZeeTamilNews.in,Zee Tamil News,504,Zee News,jiotv,exact
ZeeTelugu.in,Zee Telugu,1354,Zee Telugu HD,jiotv,exact
ZeeTeluguNews.in,Zee Telugu News,3031,Zee Telugu News,jiotv,exact
ZeeTV.in,Zee TV,167,Zee TV HD,jiotv,exact
ZeeUttarPradeshUttarakhand.in,Zee Uttar Pradesh/Uttarakhand,0-9-channel_265145625,Zee News Uttar Pradesh Uttrakhand,zee5,fuzzy
ZeeZest.in,Zee Zest,2757,Zee Zest HD,jiotv,exact
ZillarBartaNews.in,ZillarBarta News,,,,none
Zing.in,Zing!,585,Zing,jiotv,exact
ZodiakTV.in,Zodiak TV,,,,none
Zoom.in,Zoom,592,ZOOM,jiotv,exact
